TAX_DEED_NO,PARCEL_ID,DEFENDANT,SITUS,AMOUNT,DATE,COUNTY,TYPE
2024-TD-004501,50-43-43-15-06-001-0020,ANTHONY & GRACE VALENTINE,720 S OCEAN BLVD PALM BEACH FL 33480,$145000.00,2024-06-28,Palm Beach,TAX_DEED
2024-TD-003891,4942-12-05-0890,MARCUS & HELENA VANDERBILT,1520 SE 12TH ST FORT LAUDERDALE FL 33316,$138500.00,2024-07-19,Broward,TAX_DEED
2024-TD-004812,01-4138-005-0120,LUIS & MARIA HERNANDEZ,340 SW 8TH ST MIAMI FL 33130,$112000.00,2024-08-05,Miami-Dade,TAX_DEED
2024-TD-008912,182914-4TA000001000020,ROBERT & CLAIRE SULLIVAN,4502 W SAN RAFAEL ST TAMPA FL 33629,$92400.00,2024-07-25,Hillsborough,TAX_DEED
2024-TD-004105,5142-28-03-0140,ESTATE OF RAYMOND CHANDLER,3840 N 56TH AVE HOLLYWOOD FL 33021,$84200.00,2024-08-01,Broward,TAX_DEED
2024-TD-001955,28-23-27-0000-00-015,JAMES & LINDA CHEN,8431 BAY BREEZE WAY ORLANDO FL 32836,$74300.00,2024-08-08,Orange,TAX_DEED
2024-TD-004688,00-42-43-27-05-022-0140,ESTATE OF ARTHUR STERLING,1410 N FEDERAL HWY LAKE WORTH FL 33460,$68900.00,2024-07-14,Palm Beach,TAX_DEED
2024-TD-001501,29-22-30-0000-00-042,ESTATE OF ELEANOR VANCE,3309 ROSEWOOD CT WINTER PARK FL 32792,$61800.00,2024-07-03,Orange,TAX_DEED
2024-TD-009041,192802-5TB000002000040,ESTATE OF HENRY PATTERSON,11804 N 56TH ST TEMPLE TERRACE FL 33617,$54100.00,2024-08-02,Hillsborough,TAX_DEED
2024-TD-002980,4842-35-08-0320,PATRICIA & GLENN O'CONNOR,2100 NE 48TH ST POMPANO BEACH FL 33064,$52700.00,2024-08-14,Broward,TAX_DEED
2024-TD-001248,29-22-29-0000-00-088,RICHARD HAWKINS,1420 PINEWOOD DR ORLANDO FL 32808,$48250.00,2024-06-12,Orange,TAX_DEED
2024-TD-004990,01-3122-015-0450,EUGENE FITZPATRICK,1920 CORAL WAY MIAMI FL 33145,$43500.00,2024-08-12,Miami-Dade,TAX_DEED
2024-TD-009188,182923-3TC000001000010,DANIELLE KAUFMAN,2308 S ARMENIA AVE TAMPA FL 33629,$31750.00,2024-08-10,Hillsborough,TAX_DEED
2024-TD-001622,28-21-15-0000-00-031,MARCOS & SOFIA ALVAREZ,510 LAKE BREEZE DR APOPKA FL 32703,$29400.00,2024-07-17,Orange,TAX_DEED
2024-TD-001844,29-23-35-0000-00-019,BEATRICE MONTGOMERY,220 W KALEY ST ORLANDO FL 32806,$18900.00,2024-08-01,Orange,TAX_DEED
2024-CA-014289,30-4014-012-0580,ESTATE OF VICTORIA CRANE,10845 SW 72ND AVE MIAMI FL 33156,$89450.00,2024-08-22,Miami-Dade,FORECLOSURE
2024-CA-012874,02-3209-018-0240,ESTATE OF JULIAN MERCER,1440 OCEAN DR APT 402 MIAMI BEACH FL 33139,$115000.00,2024-08-28,Miami-Dade,FORECLOSURE
2024-CA-009842,4842-18-09-0410,ESTATE OF LAWRENCE THORNE,4210 NE 22ND AVE LIGHTHOUSE POINT FL 33064,$64800.00,2024-08-15,Broward,FORECLOSURE
2024-CA-011205,5041-35-02-0190,THOMAS & CLARA WHITFIELD,8920 SW 18TH ST PLANTATION FL 33324,$41600.00,2024-08-09,Broward,FORECLOSURE
2024-CA-006731,00-43-43-05-11-002-0080,REBECCA & GERALD MONROE,318 COLONIAL RD WEST PALM BEACH FL 33405,$78250.00,2024-08-19,Palm Beach,FORECLOSURE
