name,organization,contact_email,target_type,category,da,jurisdiction,status,last_contacted,notes
Clinical Director,Harvard Legal Aid Bureau,hlab@law.harvard.edu,law_school_clinic,Legal Education,93,National,DRAFTED,2026-09-30T13:12:32.598509+00:00,Tyler v. Hennepin clinical research and student equity guidance
Clinical Faculty Advisors,Stanford Community Law Clinic,communitylawclinic@law.stanford.edu,law_school_clinic,Legal Education,93,CA,DRAFTED,2026-09-30T13:12:32.599723+00:00,Consumer and post-foreclosure housing defense
Clinical Faculty,UC Berkeley Center for Consumer Law & Economic Justice,consumerlaw@law.berkeley.edu,law_school_clinic,Legal Education,92,CA,DRAFTED,2026-09-30T13:12:32.600833+00:00,Tyler precedent and statutory fee caps
Housing Clinic Director,University of Texas School of Law Clinics,clinics@law.utexas.edu,law_school_clinic,Legal Education,91,TX,SENT,2026-09-30T19:47:40.072742+00:00,Texas Tax Code 34.04 excess proceeds clinical assistance
Civil Clinic Director,University of Florida Levin College of Law,clinics@law.ufl.edu,law_school_clinic,Legal Education,89,FL,BOUNCED_INVALID_ADDRESS,2026-09-30T19:47:43.168411+00:00,Bounced - non-existent university inbox (550 5.4.1 Access denied)
Foreclosure Clinic Coordinator,University of Miami School of Law,clinics@law.miami.edu,law_school_clinic,Legal Education,87,FL,SENT,2026-09-30T19:47:53.729017+00:00,South Florida civil registry and excess proceeds claims
Clinic Director,Emory University School of Law,lawclinics@emory.edu,law_school_clinic,Legal Education,88,GA,BOUNCED_INVALID_ADDRESS,2026-09-30T19:47:48.475522+00:00,Bounced - non-existent university inbox (550 5.4.1 Access denied)
Consumer Clinic Director,Georgetown University Law Center,clinics@law.georgetown.edu,law_school_clinic,Legal Education,92,National,DRAFTED,2026-09-30T13:12:32.601792+00:00,Access to justice post-foreclosure restitution
Civil Legal Assistance Director,UNC School of Law Clinics,law_clinics@unc.edu,law_school_clinic,Legal Education,89,NC,BOUNCED_INVALID_ADDRESS,2026-09-30T19:47:45.886087+00:00,Bounced - non-existent university inbox (550 5.4.1 Access denied)
Practice Clinic Director,Vanderbilt Law School Clinics,clinics@law.vanderbilt.edu,law_school_clinic,Legal Education,88,TN,SENT,2026-09-30T19:47:51.152353+00:00,Tennessee chancery court excess proceeds procedures
Practice Management Director,Florida Bar LegalFuel Practice Center,legalfuel@floridabar.org,bar_association_lpm,Bar Resource,88,FL,DRAFTED,2026-09-30T13:12:41.877540+00:00,Florida Bar member Clio/Filevine CRM schemas and statutory calculator
LPM Committee Chair,State Bar of Texas Law Practice Management,lpm@texasbar.com,bar_association_lpm,Bar Resource,86,TX,DRAFTED,2026-09-30T13:12:41.879246+00:00,Texas Bar LPM excess proceeds petition builder
LPM Program Director,State Bar of Georgia Law Practice Management,lpm@gabar.org,bar_association_lpm,Bar Resource,76,GA,SENT,2026-10-02T19:44:27.797052+00:00,Georgia Bar practice management tools
CPM Director,North Carolina Bar Association Center for Practice Management,cpm@ncbar.org,bar_association_lpm,Bar Resource,72,NC,BOUNCED_INVALID_ADDRESS,2026-10-05T21:48:08.039014+00:00,Bounced - 550 5.4.1 Recipient address rejected: Access denied
LPM Coordinator,Tennessee Bar Association LPM Resources,tba@tba.org,bar_association_lpm,Bar Resource,68,TN,SENT,2026-10-05T21:48:10.665520+00:00,Tennessee Bar member technology spotlight
Tech Marketplace Lead,California Lawyers Association Tech Section,info@calawyers.org,bar_association_lpm,Bar Resource,74,CA,SENT,2026-10-02T19:44:30.755238+00:00,California Lawyers Association member legaltech index
LTRC Director,American Bar Association Legal Technology Resource Center,lpm@americanbar.org,bar_association_lpm,Bar Resource,88,National,DRAFTED,2026-09-30T13:12:41.878392+00:00,ABA LTRC practice management software review
LPM Director,New York State Bar Association Practice Resources,lpm@nysba.org,bar_association_lpm,Bar Resource,84,National,SENT,2026-10-02T19:44:19.208534+00:00,NYSBA technology and practice management resources
Editor in Chief,Lawyerist Editorial Desk,editor@lawyerist.com,legaltech_blogger,Media / Review,68,National,BOUNCED_INVALID_ADDRESS,2026-10-05T21:48:13.508220+00:00,Bounced - 550 5.1.1 User unknown (use webform https://lawyerist.com/contact/)
Bob Ambrogi,LawNext LegalTech Directory,editor@lawnext.com,legaltech_blogger,Media / Review,58,National,BOUNCED_INVALID_ADDRESS,2026-10-05T21:48:21.359894+00:00,Bounced - 550 5.1.1 NoSuchUser (use directory form https://directory.lawnext.com/claim-or-add/)
Editorial Team,Legal Technology Hub,contact@legaltechnologyhub.com,legaltech_blogger,Media / Review,64,National,BOUNCED_INVALID_ADDRESS,2026-10-05T21:48:16.014981+00:00,Bounced - 550 Invalid Recipient (use webform https://www.legaltechnologyhub.com/submit)
Editor,Legal IT Professionals,editor@legalitprofessionals.com,legaltech_blogger,Media / Review,54,National,READY_FOR_OUTREACH,,Legal IT Professionals workflow automation guest article
Editor,Artificial Lawyer,richard@artificiallawyer.com,legaltech_blogger,Media / Review,56,National,READY_FOR_OUTREACH,,Court registry data extraction and title scrubbing tech
Legal Tech Editor,Above The Law,tips@abovethelaw.com,legaltech_blogger,Media / Review,79,National,SENT,2026-10-02T19:44:25.001358+00:00,Above The Law legaltech feature on Tyler v. Hennepin
Pulse Editor,Law360 Pulse / Legal Tech,pulse@law360.com,legaltech_blogger,Media / Review,85,National,SENT,2026-10-02T19:44:15.992099+00:00,Law360 legaltech innovation spotlight
Community Director,BiggerPockets Foreclosure Community,editor@biggerpockets.com,real_estate_community,Community,84,National,SENT,2026-10-02T19:44:22.190768+00:00,BiggerPockets tax sale calculator embed widget
Executive Director,National Real Estate Investors Association (REIA),info@nationalreia.org,real_estate_community,Community,62,National,SENT,2026-10-05T21:48:18.696923+00:00,National REIA member statutory surplus resource
Research Director,Tax Sale Resources Community,support@taxsaleresources.com,real_estate_community,Community,48,National,READY_FOR_OUTREACH,,Tax sale excess funds statutory countdown integration
