State,County,Parcel_ID,Case_or_TaxDeed_No,Owner_Name,Entity_Type,Is_Individual,Heir_Search_Recommended,Property_Address,Property_Type,Surplus_Balance_USD,Statutory_Fee_Rate,Est_Finder_Fee_USD,Opportunity_Tier,Sale_Date,Days_Remaining_To_Claim,Claim_Urgency_Tier,Claim_Deadline_Date,Statutory_Deadline_Window,Clerk_Verification_URL,Governing_Statute,Statute_Citation,Record_Type,TYPE,Enriched_Timestamp
FL,Palm Beach,50-43-43-15-06-001-0020,2024-TD-004501,ANTHONY & GRACE VALENTINE,Individual / Estate,True,False,720 S OCEAN BLVD PALM BEACH FL 33480,Single Family Residential,145000.0,20%,29000.0,Tier 1: High Value ($25k+),2024-06-28,75,Tier 2: Priority Window (45–120 Days),2026-12-24,120 Days from Notice (Fla. Stat. § 197.582),https://www.mypalmbeachclerk.com/casesearch?caseNumber=2024-TD-004501,Fla. Stat. § 197.582,Fla. Stat. § 197.582,Tax Deed Surplus,TAX_DEED,2026-10-10 12:29:43
FL,Broward,4942-12-05-0890,2024-TD-003891,MARCUS & HELENA VANDERBILT,Individual / Estate,True,False,1520 SE 12TH ST FORT LAUDERDALE FL 33316,Single Family Residential,138500.0,20%,27700.0,Tier 1: High Value ($25k+),2024-07-19,75,Tier 2: Priority Window (45–120 Days),2026-12-24,120 Days from Notice (Fla. Stat. § 197.582),https://www.browardclerk.org/Divisions/TaxDeeds?caseNumber=2024-TD-003891,Fla. Stat. § 197.582,Fla. Stat. § 197.582,Tax Deed Surplus,TAX_DEED,2026-10-10 12:29:43
GA,Fulton,N/A,2024-GA-003810,MARCUS & ELEANOR JENKINS,Individual / Estate,True,False,1420 PEACHTREE ST NE ATLANTA GA 30309,Single Family Residential,134000.0,20%,26800.0,Tier 1: High Value ($25k+),2024-07-02,995,Tier 3: Active Claim Window (> 120 Days),2029-07-01,5 Years from Sale (O.C.G.A. § 48-4-5),https://www.fultonclerk.org/536/Records-Search-Center?docket=2024-GA-003810,O.C.G.A. § 48-4-5,O.C.G.A. § 48-4-5,Tax Deed Surplus,TAX_DEED,2026-10-10 12:29:43
TX,Harris,N/A,2024-TX-04812,WILLIAM & MARY HOLLOWAY,Individual / Estate,True,False,5402 BRAESVALLEY DR HOUSTON TX 77096,Single Family Residential,128500.0,25%,32125.0,Tier 1: High Value ($25k+),2024-07-09,55,Tier 2: Priority Window (45–120 Days),2026-12-04,2 Years from Sale (Tex. Tax Code § 34.04),https://www.hcdistrictclerk.com/edocs/public/CaseDetails.aspx?Cas=2024-TX-04812,Tex. Tax Code § 34.04,Tex. Tax Code § 34.04,Tax Deed Surplus,TAX_DEED,2026-10-10 12:29:43
GA,Cobb,N/A,2024-GA-001550,ESTATE OF RAYMOND VAUGHN,Estate / Deceased,True,True,1205 ROSWELL RD MARIETTA GA 30062,Single Family Residential,118000.0,20%,23600.0,Tier 1: High Value ($25k+),2024-08-13,1037,Tier 3: Active Claim Window (> 120 Days),2029-08-12,5 Years from Sale (O.C.G.A. § 48-4-5),https://www.cobbtax.org/property/tax_sale/index.php?docket=2024-GA-001550,O.C.G.A. § 48-4-5,O.C.G.A. § 48-4-5,Tax Deed Surplus,TAX_DEED,2026-10-10 12:29:43
FL,Miami-Dade,02-3209-018-0240,2024-CA-012874,ESTATE OF JULIAN MERCER,Estate / Deceased,True,True,1440 OCEAN DR APT 402 MIAMI BEACH FL 33139,Condo / Multi-Family,115000.0,20%,23000.0,Tier 1: High Value ($25k+),2024-08-28,105,Tier 2: Priority Window (45–120 Days),2027-01-23,60 Days from Certificate of Disbursement (Fla. Stat. § 45.032),https://www2.miamidadeclerk.gov/QOS/default.aspx?caseNumber=2024-CA-012874,Fla. Stat. § 45.032,Fla. Stat. § 45.032,Foreclosure Surplus,FORECLOSURE,2026-10-10 12:29:43
FL,Miami-Dade,01-4138-005-0120,2024-TD-004812,LUIS & MARIA HERNANDEZ,Individual / Estate,True,False,340 SW 8TH ST MIAMI FL 33130,Single Family Residential,112000.0,20%,22400.0,Tier 1: High Value ($25k+),2024-08-05,75,Tier 2: Priority Window (45–120 Days),2026-12-24,120 Days from Notice (Fla. Stat. § 197.582),https://www.miamidadeclerk.gov/clerk/property-tax-deeds.page?caseNumber=2024-TD-004812,Fla. Stat. § 197.582,Fla. Stat. § 197.582,Tax Deed Surplus,TAX_DEED,2026-10-10 12:29:43
GA,Fulton,N/A,2024-GA-004120,ESTATE OF HAROLD CRAWFORD,Estate / Deceased,True,True,892 CASCADE AVE SW ATLANTA GA 30310,Single Family Residential,96500.0,20%,19300.0,Tier 1: High Value ($25k+),2024-07-16,1009,Tier 3: Active Claim Window (> 120 Days),2029-07-15,5 Years from Sale (O.C.G.A. § 48-4-5),https://www.fultonclerk.org/536/Records-Search-Center?docket=2024-GA-004120,O.C.G.A. § 48-4-5,O.C.G.A. § 48-4-5,Tax Deed Surplus,TAX_DEED,2026-10-10 12:29:43
FL,Hillsborough,182914-4TA000001000020,2024-TD-008912,ROBERT & CLAIRE SULLIVAN,Individual / Estate,True,False,4502 W SAN RAFAEL ST TAMPA FL 33629,Single Family Residential,92400.0,20%,18480.0,Tier 1: High Value ($25k+),2024-07-25,75,Tier 2: Priority Window (45–120 Days),2026-12-24,120 Days from Notice (Fla. Stat. § 197.582),https://www.hillsclerk.com/taxdeeds?caseNumber=2024-TD-008912,Fla. Stat. § 197.582,Fla. Stat. § 197.582,Tax Deed Surplus,TAX_DEED,2026-10-10 12:29:43
FL,Miami-Dade,30-4014-012-0580,2024-CA-014289,ESTATE OF VICTORIA CRANE,Estate / Deceased,True,True,10845 SW 72ND AVE MIAMI FL 33156,Single Family Residential,89450.0,20%,17890.0,Tier 1: High Value ($25k+),2024-08-22,105,Tier 2: Priority Window (45–120 Days),2027-01-23,60 Days from Certificate of Disbursement (Fla. Stat. § 45.032),https://www2.miamidadeclerk.gov/QOS/default.aspx?caseNumber=2024-CA-014289,Fla. Stat. § 45.032,Fla. Stat. § 45.032,Foreclosure Surplus,FORECLOSURE,2026-10-10 12:29:43
TX,Harris,N/A,2024-TX-04950,ESTATE OF CHARLES BEAUMONT,Estate / Deceased,True,True,1802 HEIGHTS BLVD HOUSTON TX 77008,Single Family Residential,86200.0,25%,21550.0,Tier 1: High Value ($25k+),2024-07-16,55,Tier 2: Priority Window (45–120 Days),2026-12-04,2 Years from Sale (Tex. Tax Code § 34.04),https://www.hcdistrictclerk.com/edocs/public/CaseDetails.aspx?Cas=2024-TX-04950,Tex. Tax Code § 34.04,Tex. Tax Code § 34.04,Tax Deed Surplus,TAX_DEED,2026-10-10 12:29:43
FL,Broward,5142-28-03-0140,2024-TD-004105,ESTATE OF RAYMOND CHANDLER,Estate / Deceased,True,True,3840 N 56TH AVE HOLLYWOOD FL 33021,Single Family Residential,84200.0,20%,16840.0,Tier 1: High Value ($25k+),2024-08-01,75,Tier 2: Priority Window (45–120 Days),2026-12-24,120 Days from Notice (Fla. Stat. § 197.582),https://www.browardclerk.org/Divisions/TaxDeeds?caseNumber=2024-TD-004105,Fla. Stat. § 197.582,Fla. Stat. § 197.582,Tax Deed Surplus,TAX_DEED,2026-10-10 12:29:43
GA,Dekalb,N/A,2024-GA-002490,TERRENCE & MONICA BRADLEY,Individual / Estate,True,False,2340 LAVISTA RD DECATUR GA 30033,Single Family Residential,82400.0,20%,16480.0,Tier 1: High Value ($25k+),2024-08-06,1030,Tier 3: Active Claim Window (> 120 Days),2029-08-05,5 Years from Sale (O.C.G.A. § 48-4-5),https://www.dekalbcountytax.org/excess-funds?docket=2024-GA-002490,O.C.G.A. § 48-4-5,O.C.G.A. § 48-4-5,Tax Deed Surplus,TAX_DEED,2026-10-10 12:29:43
FL,Palm Beach,00-43-43-05-11-002-0080,2024-CA-006731,REBECCA & GERALD MONROE,Individual / Estate,True,False,318 COLONIAL RD WEST PALM BEACH FL 33405,Single Family Residential,78250.0,20%,15650.0,Tier 1: High Value ($25k+),2024-08-19,105,Tier 2: Priority Window (45–120 Days),2027-01-23,60 Days from Certificate of Disbursement (Fla. Stat. § 45.032),https://www.mypalmbeachclerk.com/casesearch?caseNumber=2024-CA-006731,Fla. Stat. § 45.032,Fla. Stat. § 45.032,Foreclosure Surplus,FORECLOSURE,2026-10-10 12:29:43
TX,Dallas,N/A,2024-TX-02044,ESTATE OF MARGARET THORNTON,Estate / Deceased,True,True,6412 ABRAMS RD DALLAS TX 75231,Single Family Residential,77800.0,25%,19450.0,Tier 1: High Value ($25k+),2024-08-13,55,Tier 2: Priority Window (45–120 Days),2026-12-04,2 Years from Sale (Tex. Tax Code § 34.04),https://www.dallascounty.org/government/county-clerk/recording/foreclosures.php?case=2024-TX-02044,Tex. Tax Code § 34.04,Tex. Tax Code § 34.04,Tax Deed Surplus,TAX_DEED,2026-10-10 12:29:43
FL,Orange,28-23-27-0000-00-015,2024-TD-001955,JAMES & LINDA CHEN,Individual / Estate,True,False,8431 BAY BREEZE WAY ORLANDO FL 32836,Single Family Residential,74300.0,20%,14860.0,Tier 1: High Value ($25k+),2024-08-08,75,Tier 2: Priority Window (45–120 Days),2026-12-24,120 Days from Notice (Fla. Stat. § 197.582),https://myeclerk.myorangeclerk.com/?caseNumber=2024-TD-001955,Fla. Stat. § 197.582,Fla. Stat. § 197.582,Tax Deed Surplus,TAX_DEED,2026-10-10 12:29:43
FL,Palm Beach,00-42-43-27-05-022-0140,2024-TD-004688,ESTATE OF ARTHUR STERLING,Estate / Deceased,True,True,1410 N FEDERAL HWY LAKE WORTH FL 33460,Single Family Residential,68900.0,20%,13780.0,Tier 1: High Value ($25k+),2024-07-14,75,Tier 2: Priority Window (45–120 Days),2026-12-24,120 Days from Notice (Fla. Stat. § 197.582),https://www.mypalmbeachclerk.com/casesearch?caseNumber=2024-TD-004688,Fla. Stat. § 197.582,Fla. Stat. § 197.582,Tax Deed Surplus,TAX_DEED,2026-10-10 12:29:43
GA,Gwinnett,N/A,2024-GA-001920,VICTORIA STRICKLAND,Individual / Estate,True,False,4510 LAWRENCEVILLE HWY LILBURN GA 30047,Single Family Residential,67800.0,20%,13560.0,Tier 1: High Value ($25k+),2024-07-23,1016,Tier 3: Active Claim Window (> 120 Days),2029-07-22,5 Years from Sale (O.C.G.A. § 48-4-5),https://www.gwinnetttaxcommissioner.com/property-tax/tax-sale-excess-funds?docket=2024-GA-001920,O.C.G.A. § 48-4-5,O.C.G.A. § 48-4-5,Tax Deed Surplus,TAX_DEED,2026-10-10 12:29:43
FL,Broward,4842-18-09-0410,2024-CA-009842,ESTATE OF LAWRENCE THORNE,Estate / Deceased,True,True,4210 NE 22ND AVE LIGHTHOUSE POINT FL 33064,Single Family Residential,64800.0,20%,12960.0,Tier 1: High Value ($25k+),2024-08-15,105,Tier 2: Priority Window (45–120 Days),2027-01-23,60 Days from Certificate of Disbursement (Fla. Stat. § 45.032),https://www.browardclerk.org/Web2/CaseSearch/Details/?caseNumber=2024-CA-009842,Fla. Stat. § 45.032,Fla. Stat. § 45.032,Foreclosure Surplus,FORECLOSURE,2026-10-10 12:29:43
FL,Orange,29-22-30-0000-00-042,2024-TD-001501,ESTATE OF ELEANOR VANCE,Estate / Deceased,True,True,3309 ROSEWOOD CT WINTER PARK FL 32792,Single Family Residential,61800.0,20%,12360.0,Tier 1: High Value ($25k+),2024-07-03,75,Tier 2: Priority Window (45–120 Days),2026-12-24,120 Days from Notice (Fla. Stat. § 197.582),https://myeclerk.myorangeclerk.com/?caseNumber=2024-TD-001501,Fla. Stat. § 197.582,Fla. Stat. § 197.582,Tax Deed Surplus,TAX_DEED,2026-10-10 12:29:43
TX,Dallas,N/A,2024-TX-01928,GEORGE & DOROTHY WASHINGTON,Individual / Estate,True,False,3819 COLONIAL AVE DALLAS TX 75215,Single Family Residential,59400.0,25%,14850.0,Tier 1: High Value ($25k+),2024-07-23,55,Tier 2: Priority Window (45–120 Days),2026-12-04,2 Years from Sale (Tex. Tax Code § 34.04),https://www.dallascounty.org/government/county-clerk/recording/foreclosures.php?case=2024-TX-01928,Tex. Tax Code § 34.04,Tex. Tax Code § 34.04,Tax Deed Surplus,TAX_DEED,2026-10-10 12:29:43
FL,Hillsborough,192802-5TB000002000040,2024-TD-009041,ESTATE OF HENRY PATTERSON,Estate / Deceased,True,True,11804 N 56TH ST TEMPLE TERRACE FL 33617,Single Family Residential,54100.0,20%,10820.0,Tier 1: High Value ($25k+),2024-08-02,75,Tier 2: Priority Window (45–120 Days),2026-12-24,120 Days from Notice (Fla. Stat. § 197.582),https://www.hillsclerk.com/taxdeeds?caseNumber=2024-TD-009041,Fla. Stat. § 197.582,Fla. Stat. § 197.582,Tax Deed Surplus,TAX_DEED,2026-10-10 12:29:43
FL,Broward,4842-35-08-0320,2024-TD-002980,PATRICIA & GLENN O'CONNOR,Individual / Estate,True,False,2100 NE 48TH ST POMPANO BEACH FL 33064,Single Family Residential,52700.0,20%,10540.0,Tier 1: High Value ($25k+),2024-08-14,75,Tier 2: Priority Window (45–120 Days),2026-12-24,120 Days from Notice (Fla. Stat. § 197.582),https://www.browardclerk.org/Divisions/TaxDeeds?caseNumber=2024-TD-002980,Fla. Stat. § 197.582,Fla. Stat. § 197.582,Tax Deed Surplus,TAX_DEED,2026-10-10 12:29:43
FL,Orange,29-22-29-0000-00-088,2024-TD-001248,RICHARD HAWKINS,Individual / Estate,True,False,1420 PINEWOOD DR ORLANDO FL 32808,Single Family Residential,48250.0,20%,9650.0,Tier 1: High Value ($25k+),2024-06-12,75,Tier 2: Priority Window (45–120 Days),2026-12-24,120 Days from Notice (Fla. Stat. § 197.582),https://myeclerk.myorangeclerk.com/?caseNumber=2024-TD-001248,Fla. Stat. § 197.582,Fla. Stat. § 197.582,Tax Deed Surplus,TAX_DEED,2026-10-10 12:29:43
FL,Miami-Dade,01-3122-015-0450,2024-TD-004990,EUGENE FITZPATRICK,Individual / Estate,True,False,1920 CORAL WAY MIAMI FL 33145,Single Family Residential,43500.0,20%,8700.0,Tier 1: High Value ($25k+),2024-08-12,75,Tier 2: Priority Window (45–120 Days),2026-12-24,120 Days from Notice (Fla. Stat. § 197.582),https://www.miamidadeclerk.gov/clerk/property-tax-deeds.page?caseNumber=2024-TD-004990,Fla. Stat. § 197.582,Fla. Stat. § 197.582,Tax Deed Surplus,TAX_DEED,2026-10-10 12:29:43
FL,Broward,5041-35-02-0190,2024-CA-011205,THOMAS & CLARA WHITFIELD,Individual / Estate,True,False,8920 SW 18TH ST PLANTATION FL 33324,Single Family Residential,41600.0,20%,8320.0,Tier 1: High Value ($25k+),2024-08-09,105,Tier 2: Priority Window (45–120 Days),2027-01-23,60 Days from Certificate of Disbursement (Fla. Stat. § 45.032),https://www.browardclerk.org/Web2/CaseSearch/Details/?caseNumber=2024-CA-011205,Fla. Stat. § 45.032,Fla. Stat. § 45.032,Foreclosure Surplus,FORECLOSURE,2026-10-10 12:29:43
TX,Harris,N/A,2024-TX-05110,RAFAEL GUERRERO,Individual / Estate,True,False,7120 NAVIGATION BLVD HOUSTON TX 77011,Single Family Residential,41300.0,25%,10325.0,Tier 1: High Value ($25k+),2024-08-06,55,Tier 2: Priority Window (45–120 Days),2026-12-04,2 Years from Sale (Tex. Tax Code § 34.04),https://www.hcdistrictclerk.com/edocs/public/CaseDetails.aspx?Cas=2024-TX-05110,Tex. Tax Code § 34.04,Tex. Tax Code § 34.04,Tax Deed Surplus,TAX_DEED,2026-10-10 12:29:43
FL,Hillsborough,182923-3TC000001000010,2024-TD-009188,DANIELLE KAUFMAN,Individual / Estate,True,False,2308 S ARMENIA AVE TAMPA FL 33629,Single Family Residential,31750.0,20%,6350.0,Tier 1: High Value ($25k+),2024-08-10,75,Tier 2: Priority Window (45–120 Days),2026-12-24,120 Days from Notice (Fla. Stat. § 197.582),https://www.hillsclerk.com/taxdeeds?caseNumber=2024-TD-009188,Fla. Stat. § 197.582,Fla. Stat. § 197.582,Tax Deed Surplus,TAX_DEED,2026-10-10 12:29:43
FL,Orange,28-21-15-0000-00-031,2024-TD-001622,MARCOS & SOFIA ALVAREZ,Individual / Estate,True,False,510 LAKE BREEZE DR APOPKA FL 32703,Single Family Residential,29400.0,20%,5880.0,Tier 1: High Value ($25k+),2024-07-17,75,Tier 2: Priority Window (45–120 Days),2026-12-24,120 Days from Notice (Fla. Stat. § 197.582),https://myeclerk.myorangeclerk.com/?caseNumber=2024-TD-001622,Fla. Stat. § 197.582,Fla. Stat. § 197.582,Tax Deed Surplus,TAX_DEED,2026-10-10 12:29:43
FL,Orange,29-23-35-0000-00-019,2024-TD-001844,BEATRICE MONTGOMERY,Individual / Estate,True,False,220 W KALEY ST ORLANDO FL 32806,Single Family Residential,18900.0,20%,3780.0,Tier 2: Medium Value ($10k-$25k),2024-08-01,75,Tier 2: Priority Window (45–120 Days),2026-12-24,120 Days from Notice (Fla. Stat. § 197.582),https://myeclerk.myorangeclerk.com/?caseNumber=2024-TD-001844,Fla. Stat. § 197.582,Fla. Stat. § 197.582,Tax Deed Surplus,TAX_DEED,2026-10-10 12:29:43
